,best_ds,test_errors
0,3,2.6344086021505375
1,7,3.978494623655914
2,3,2.096774193548387
3,3,2.043010752688172
4,3,1.881720430107527
5,3,3.3870967741935485
6,7,2.7419354838709675
7,3,2.3655913978494625
8,7,3.010752688172043
9,7,2.956989247311828
10,7,3.4946236559139785
11,3,2.6344086021505375
12,5,3.064516129032258
13,7,3.6021505376344085
14,4,2.6344086021505375
15,5,2.849462365591398
16,5,2.5268817204301075
17,3,2.4731182795698925
18,3,3.064516129032258
19,7,2.4193548387096775
