,best_ds,test_errors
0,4,3.3870967741935485
1,4,2.5806451612903225
2,4,3.3333333333333335
3,4,3.5483870967741935
4,8,2.956989247311828
5,8,3.6021505376344085
6,4,2.5806451612903225
7,4,3.225806451612903
8,7,2.849462365591398
9,8,2.6881720430107525
10,4,3.225806451612903
11,4,2.150537634408602
12,8,3.4408602150537635
13,5,2.903225806451613
14,5,2.6881720430107525
15,8,3.010752688172043
16,4,2.6344086021505375
17,4,2.7419354838709675
18,5,2.7419354838709675
19,4,2.5268817204301075
