,best_ds,test_errors
0,4,5.591397849462366
1,4,4.78494623655914
2,5,6.021505376344086
3,4,3.6559139784946235
4,4,4.354838709677419
5,10,5.752688172043011
6,4,4.838709677419355
7,4,4.946236559139785
8,4,4.838709677419355
9,4,4.623655913978495
10,4,4.516129032258065
11,4,4.462365591397849
12,4,5.483870967741935
13,4,5.268817204301075
14,4,4.623655913978495
15,4,4.78494623655914
16,4,4.247311827956989
17,4,5.053763440860215
18,10,4.67741935483871
19,4,4.623655913978495
